feature,importance
ema_diff,0.03317918028915301
log_returns,0.0334258180228062
range,0.033610428508836776
returns,0.033681650238577276
rsi_14,0.033553809800650924
volatility,0.03348591108806431
volume,0.03285165812121704
