feature,importance
log_returns,0.03983213356696069
range,0.03967136761639267
returns,0.04025906987953931
volatility,0.03918218985199928
volume,0.040017247782088816
