feature,importance
ema_diff,0.03323469980387017
log_returns,0.03325320250587538
range,0.034071956237312406
returns,0.034188077494036406
rsi_14,0.03315088298404589
volatility,0.03331808722577989
volume,0.03345739934593439
