feature,importance
ema_diff,0.04650563863106072
log_returns,0.04773560585454106
range,0.048237995244562626
returns,0.048489086562767625
rsi_14,0.047455040039494634
volatility,0.04673047852702439
volume,0.04779783939011395
