feature,importance
ema_diff,0.03317666857037693
log_returns,0.03357615013374016
range,0.03383467544335872
returns,0.03411176160443574
rsi_14,0.03337531245779246
volatility,0.033495970361400396
volume,0.033573211112525314
