feature,importance
ema_diff,0.03275942080654204
log_returns,0.03366198024014011
range,0.03373730310704559
returns,0.034111394197680056
rsi_14,0.03343310242053121
volatility,0.03322409180691466
volume,0.03333463630406186
