feature,importance
ema_diff,0.033171749324537814
log_returns,0.03358504828065634
range,0.03380676009692252
returns,0.03410756029188633
rsi_14,0.03338182147126645
volatility,0.033492012647911906
volume,0.0335649874759838
