feature,importance
ema_diff,0.03344323381315917
log_returns,0.0339090108172968
range,0.03412991343066096
returns,0.034431164676789194
rsi_14,0.03360615734709427
volatility,0.033721293380949646
volume,0.03390023927204311
