feature,importance
log_returns,0.03988720220513642
range,0.03955933928955346
returns,0.03927552083041519
volatility,0.03978417697362602
volume,0.03970639256294817
