net.0.weight,net.2.weight,net.4.weight
4.635778903961182,4.657904148101807,0.8321581482887268
4.640469074249268,4.657148838043213,0.8284842371940613
