{
  "best_threshold": 0.49000000000000005,
  "best_delta_min": 0.02,
  "best_score": 0.38645023230017106,
  "default_threshold": 0.6,
  "default_delta_min": 0.02
}