feature,importance
log_returns,0.04004568769596517
range,0.03975095343776047
returns,0.039417958818376064
volatility,0.03976670443080366
volume,0.03969777189195156
