net.0.weight,net.2.weight,net.4.weight
4.632259368896484,4.613215923309326,0.841289758682251
4.640110969543457,4.615614891052246,0.8353666067123413
