feature,importance
log_returns,0.039563269121572375
range,0.0396384100895375
returns,0.03991909837350249
volatility,0.03911569085903466
volume,0.03986814746167511
