feature,importance
atr_14,0.033116675505880266
log_returns,0.033567787904758006
range,0.033371156139764935
returns,0.034339745820034295
volatility,0.033088438445702195
volatility_20,0.03339974902337417
volume_zscore_20,0.03320004738634452
