feature,importance
log_returns,0.08431349217426032
range,0.0719000140670687
returns,0.08452062192372978
volatility,0.07336548808962107
volume,0.048584987758658826
