feature,importance
ema_diff,0.03317063278518617
log_returns,0.03358281130203977
range,0.0338090427685529
returns,0.034109595348127186
rsi_14,0.03338856279151514
volatility,0.033500364515930414
volume,0.03356815251754597
