feature,importance
ema_diff,0.04651080723851919
log_returns,0.04721696418710053
range,0.046949299052357674
returns,0.04726859321817756
rsi_14,0.04694852163083851
volatility,0.04715404496528208
volume,0.04638780280947685
