feature,importance
ema_diff,0.03332470788154751
log_returns,0.03357014054199681
range,0.03409650397952646
returns,0.03420886292587966
rsi_14,0.033186628483235836
volatility,0.03311072022188455
volume,0.03325050143757835
