feature,importance
ema_diff,0.03287934372201562
log_returns,0.0336542731965892
range,0.03365509933792055
returns,0.034044552070554346
rsi_14,0.033461400133091956
volatility,0.03311748808482662
volume,0.0332176549709402
