feature,importance
ema_diff,0.03361145983217284
log_returns,0.034156992041971534
range,0.03461637068539858
returns,0.03453507070662454
rsi_14,0.03325875865994021
volatility,0.03324848023476079
volume,0.033359297609422356
