feature,importance
ema_diff,0.04699466656893492
log_returns,0.04701337730512023
range,0.047904138220474124
returns,0.04831470735371113
rsi_14,0.04705923702567816
volatility,0.04678718000650406
volume,0.04727207496762276
