feature,importance
ema_diff,0.03310037963092327
log_returns,0.03306321724085137
range,0.03347258915891871
returns,0.0337226769188419
rsi_14,0.033476483018603176
volatility,0.03330073389224708
volume,0.03356023586820811
