feature,importance
ema_diff,0.04763025906868279
log_returns,0.046873848186805844
range,0.04739067587070167
returns,0.046470263972878456
rsi_14,0.0472100714687258
volatility,0.04701176309026778
volume,0.047395279398187995
