feature,importance
ema_diff,0.03358892077812925
log_returns,0.033337987202685326
range,0.03334534238092601
returns,0.03356297395657748
rsi_14,0.03387185913743451
volatility,0.03359803085913882
volume,0.03325259103439748
