feature,importance
ema_diff,0.04762902040965855
log_returns,0.04687228566035628
range,0.047393520129844546
returns,0.0464706658385694
rsi_14,0.04721312690526247
volatility,0.04701114702038467
volume,0.04739542840979993
