feature,importance
ema_diff,0.03353405586676672
log_returns,0.033654969884082675
range,0.03340241755358875
returns,0.03348218189785257
rsi_14,0.03331572067691013
volatility,0.0337229369324632
volume,0.03341006179107353
