feature,importance
ema_diff,0.0470004309900105
log_returns,0.04703095369040966
range,0.04795246827416122
returns,0.048316679894924164
rsi_14,0.04714206699281931
volatility,0.04683009837754071
volume,0.04728235653601587
