feature,importance
ema_diff,0.04813551134429872
log_returns,0.04711656109429896
range,0.04816214111633599
returns,0.04705493478104472
rsi_14,0.048766134306788445
volatility,0.046292702900245786
volume,0.04774817870929837
