feature,importance
ema_diff,0.033067562035284936
log_returns,0.03396340896142647
range,0.034044356318190694
returns,0.03446270222775638
rsi_14,0.033743476029485464
volatility,0.03353744826745242
volume,0.03360701771453023
