feature,importance
ema_diff,0.033348904631566256
log_returns,0.034697682422120124
range,0.03471024811733514
returns,0.03530530212447047
rsi_14,0.03367754357168451
volatility,0.0331951281405054
volume,0.03373374172952026
