{
  "best_threshold": 0.49000000000000005,
  "best_delta_min": 0.02,
  "best_score": 0.37415634245562135,
  "default_threshold": 0.5,
  "default_delta_min": 0.02
}