feature,importance
ema_diff,0.033210636232979596
log_returns,0.0332583473646082
range,0.03407091659028083
returns,0.034180333313997835
rsi_14,0.033143397769890726
volatility,0.033322527015116066
volume,0.03346150694414973
