feature,importance
ema_diff,0.04664119612425566
log_returns,0.04694156092591584
range,0.047732712933793664
returns,0.048473444767296314
rsi_14,0.04726067744195461
volatility,0.0462051413487643
volume,0.04694851743988693
