feature,importance
ema_diff,0.033810747612733394
log_returns,0.03359655966050923
range,0.033729414048139006
returns,0.033782530401367694
rsi_14,0.0341835719300434
volatility,0.0340621629729867
volume,0.03343475854489952
