feature,importance
ema_diff,0.04684076085686684
log_returns,0.04797369544394314
range,0.04891000338830054
returns,0.048438792349770665
rsi_14,0.046752929920330644
volatility,0.047915762988850474
volume,0.046526338905096054
