model,n,threshold,precision,recall,f1,roc_auc,pr_auc,coverage,tn,fp,fn,tp,prob_mean,prob_std,hold_rate,action_rate,conflict_rate,action_accuracy_non_hold,action_precision,action_recall
supervised_up,1335,0.55,0.6666666666666666,0.0029282576866764276,0.0058309037900874635,0.4996687745331405,0.519594462354322,0.0022471910112359553,651.0,1.0,681.0,2.0,0.47367052926999353,0.03486903736397743,,,,,,
supervised_down,1335,0.55,0.0,0.0,0.0,0.4948009326648337,0.48157486112109127,0.0,687.0,0.0,648.0,0.0,0.4350809773032585,0.015260763625186503,,,,,,
decision_rule,1335,0.55,,,,,,,,,,,,,0.9977528089887641,0.0022471910112359553,0.0,0.6666666666666666,,
rl_up,10000,,,,0.5129609703609508,,,,,,,,,,0.4898,0.5102,,,0.5139161113288906,0.5120093731693028
rl_down,10000,,,,0.5534733722653186,,,,,,,,,,0.3293,0.6707,,,0.47338601461159985,0.6661770877045741
