feature,importance
ema_diff,0.04762759362347424
log_returns,0.0468742954544723
range,0.04739021719433367
returns,0.04648057627491653
rsi_14,0.047213817248120904
volatility,0.047014755895361304
volume,0.04739369032904506
