feature,importance
ema_diff,0.03325917472830042
log_returns,0.03395305015146732
range,0.033296606212388724
returns,0.03350826143287122
rsi_14,0.033063136506825686
volatility,0.03339279239298776
volume,0.03356296743731946
