feature,importance
log_returns,0.11508903512731194
range,0.0846506446832791
returns,0.11562388041056693
volatility,0.08191318134777248
volume,0.05139650695491582
