feature,importance
ema_diff,0.047720005037263036
log_returns,0.04647259879857302
range,0.046584861585870385
returns,0.04823767300695181
rsi_14,0.048230444081127644
volatility,0.046867960365489125
volume,0.04796026926487684
