feature,importance
ema_diff,0.033417981467209756
log_returns,0.033854390669148415
range,0.03304762061452493
returns,0.03351227764505893
rsi_14,0.033937234547920525
volatility,0.03404714592033997
volume,0.03346727992175147
