feature,importance
ema_diff,0.03358990227570757
log_returns,0.033339534304104745
range,0.03335360297933221
returns,0.0335594933712855
rsi_14,0.03386728651821613
volatility,0.03357691329438239
volume,0.03324161178898066
