feature,importance
ema_diff,0.03309843991883099
log_returns,0.03306485840585083
range,0.03347481897799298
returns,0.033723138098139316
rsi_14,0.03347670205403119
volatility,0.0332960108644329
volume,0.03355491562979296
