feature,importance
ema_diff,0.03383636806393042
log_returns,0.03358909487724304
range,0.033710189745761454
returns,0.03380300756543875
rsi_14,0.03415575105464086
volatility,0.03403651836561039
volume,0.033493453986011446
