feature,importance
ema_diff,0.047653220826759934
log_returns,0.046876773936674
range,0.04739409009926021
returns,0.046456670155748725
rsi_14,0.04724495066329837
volatility,0.046995536191388965
volume,0.04736976302228868
