feature,importance
ema_diff,0.0469731951598078
log_returns,0.04701894079335034
range,0.04788632597774267
returns,0.04830554290674627
rsi_14,0.047060927376151085
volatility,0.04679336445406079
volume,0.04725518636405468
