feature,importance
ema_diff,0.03317042748676613
log_returns,0.03358641138765961
range,0.03380903089419007
returns,0.034113291185349226
rsi_14,0.033384588663466275
volatility,0.03349334868835285
volume,0.033576648856978863
