feature,importance
log_returns,0.04008452594280243
range,0.039787807618267834
returns,0.03943857504054904
volatility,0.04000431741587818
volume,0.03978472528979182
