feature,importance
ema_diff,0.03359579510288313
log_returns,0.033338352339342237
range,0.03335083369165659
returns,0.033556257491
rsi_14,0.03386827337089926
volatility,0.033570721629075706
volume,0.03324211301514879
