feature,importance
ema_diff,0.03346906224032864
log_returns,0.033914471277967095
range,0.03409755555912852
returns,0.03443436708766967
rsi_14,0.03355253010522574
volatility,0.03365086787380278
volume,0.03382177965249866
