feature,importance
ema_diff,0.04642289527691901
log_returns,0.047334685921669006
range,0.04851467115804553
returns,0.04707483504898846
rsi_14,0.04711593082174659
volatility,0.04703453858383
volume,0.047878067241981626
