{
  "reward": 1.26542207933814,
  "episode": 1,
  "params": {
    "features.list_of_features": [
      "returns",
      "log_returns",
      "volatility",
      "range",
      "volume",
      "rsi_14",
      "ema_diff"
    ],
    "features.window_size_K": 32,
    "supervised.epochs": 50,
    "supervised.batch_size": 64,
    "supervised.lr": 0.0005,
    "supervised.weight_decay": 0.0001,
    "supervised.hidden_dim": 64,
    "supervised.early_stopping_patience": 10,
    "decision_rule.T_min": 0.6,
    "decision_rule.delta_min": 0.02,
    "decision_rule.use_best_from_scan": true,
    "decision_rule.scan_min": 0.45,
    "decision_rule.scan_max": 0.75,
    "decision_rule.scan_step": 0.01,
    "rl.episodes": 50,
    "rl.steps_per_episode": 200,
    "rl.gamma": 0.99,
    "rl.lr": 0.0005,
    "rl.entropy_bonus": 0.02,
    "rl.reward.R_correct": 1.0,
    "rl.reward.R_wrong": 1.0,
    "rl.reward.R_opposite": 2.0,
    "rl.reward.R_hold": 0.4,
    "rl.policy_hidden_dim": 128
  },
  "metrics": {
    "decision_hold_rate": 0.23317307692307693,
    "decision_action_rate": 0.7668269230769231,
    "decision_action_accuracy_non_hold": 0.5412748171368861,
    "decision_conflict_rate": 0.0985576923076923,
    "decision_precision_up": 0.5434782608695652,
    "decision_precision_down": 0.5314285714285715,
    "hold_rate": 0.23317307692307693,
    "action_rate": 0.7668269230769231,
    "action_accuracy_non_hold": 0.5412748171368861,
    "conflict_rate": 0.0985576923076923,
    "precision_up": 0.5434782608695652,
    "precision_down": 0.5314285714285715,
    "sup_up_accuracy": 0.5208333333333334,
    "sup_up_f1": 0.5858725761772853,
    "sup_down_accuracy": 0.5352564102564102,
    "sup_down_f1": 0.2731829573934837,
    "rl_up_accuracy": 0.5178721796958464,
    "rl_up_hold_rate": 0.4348,
    "rl_down_accuracy": 0.47653751437315994,
    "rl_down_hold_rate": 0.5009999999999999,
    "score_base": 0.8429861819022425,
    "score_improve": 0.4224358974358975,
    "score": 1.26542207933814,
    "delta_up_accuracy": 0.5208333333333334,
    "delta_down_accuracy": 0.5352564102564102,
    "improve_up_accuracy": 0.5208333333333334,
    "improve_down_accuracy": 0.5352564102564102,
    "adaptation_good": 0.0
  }
}