feature,importance
ema_diff,0.03358198970090598
log_returns,0.03334100736537948
range,0.03334643418202177
returns,0.03356173308566213
rsi_14,0.03387897735228762
volatility,0.033588905120268464
volume,0.03325119218789041
