feature,importance
ema_diff,0.033597395406104624
log_returns,0.03334673686185852
range,0.033359754481352866
returns,0.03356774931307882
rsi_14,0.03388664836529642
volatility,0.033583793381694704
volume,0.03324261220404878
