feature,importance
ema_diff,0.033181670936755836
log_returns,0.03358140162890777
range,0.03384367248509079
returns,0.03411138616502285
rsi_14,0.033376887324266136
volatility,0.0334975011064671
volume,0.03357617283472791
