feature,importance
ema_diff,0.04644150845706463
log_returns,0.04780847462825477
range,0.04836842743679881
returns,0.047818201361224055
rsi_14,0.04736966476775706
volatility,0.04685843619517982
volume,0.04810904921032488
