feature,importance
ema_diff,0.03338808217085898
log_returns,0.0334897207794711
range,0.03329768730327487
returns,0.03332032560138032
rsi_14,0.03319075488252565
volatility,0.0336341398069635
volume,0.03327519429149106
