feature,importance
ema_diff,0.03307150094769895
log_returns,0.033838390139862895
range,0.03400579863227904
returns,0.034120547818019986
rsi_14,0.03365383920026943
volatility,0.03343033487908542
volume,0.03299304662505165
