feature,importance
ema_diff,0.04698836407624185
log_returns,0.04701683856546879
range,0.047901311656460166
returns,0.04831837513484061
rsi_14,0.04706746805459261
volatility,0.04678930854424834
volume,0.047276134602725506
