feature,importance
log_returns,0.0400489445310086
range,0.03934482694603503
returns,0.039899126859381795
volatility,0.03963813837617636
volume,0.03956639987882227
