feature,importance
log_returns,0.03988743550144136
range,0.03956201334949583
returns,0.039274640614166856
volatility,0.0397849379805848
volume,0.039708483847789466
