feature,importance
ema_diff,0.0338038532063365
log_returns,0.035194209951441735
range,0.03382828622125089
returns,0.03504945931490511
rsi_14,0.03503558674128726
volatility,0.0344393152045086
volume,0.03418489167233929
