feature,importance
ema_diff,0.03359185595763847
log_returns,0.03334253787761554
range,0.0333651818218641
returns,0.033558801165781915
rsi_14,0.033884267264511436
volatility,0.03358543541980907
volume,0.03324412298388779
