feature,importance
ema_diff,0.033233838446903974
log_returns,0.03325355512788519
range,0.03406518918927759
returns,0.03418433805927634
rsi_14,0.033135118894279
volatility,0.03331477614119649
volume,0.03346385492477566
