feature,importance
ema_diff,0.03309865418123081
log_returns,0.03305304638342932
range,0.03347053361358121
returns,0.033725126821082085
rsi_14,0.03346921131014824
volatility,0.033292751701083034
volume,0.03356155171059072
