feature,importance
ema_diff,0.03317016927758232
log_returns,0.033582460426259786
range,0.03380965255200863
returns,0.034103104029782116
rsi_14,0.03337755688698962
volatility,0.03349109541159123
volume,0.03356202016584575
