feature,importance
log_returns,0.039563282392919064
range,0.0396387092769146
returns,0.03991913050413132
volatility,0.03911543812137097
volume,0.03986864152830094
