feature,importance
ema_diff,0.03326536458916962
log_returns,0.033888887614011765
range,0.03412608313374221
returns,0.03431657556211576
rsi_14,0.0333132030791603
volatility,0.03298950917087495
volume,0.033228662970941514
